start_time,preprocess_time,predict_time
1132537.114266836,1132537.125670171,1132537.144397329
1132537.144410375,1132537.149284724,1132537.157898626
1132537.157906861,1132537.162506153,1132537.171065262
1132537.171072927,1132537.175851336,1132537.183685259
1132537.183691762,1132537.188068534,1132537.200290731
1132537.200297905,1132537.204689726,1132537.212860443
1132537.212867146,1132537.217276691,1132537.225106998
1132537.22511342,1132537.229824412,1132537.23760281
1132537.237609903,1132537.243149847,1132537.250928586
1132537.250935298,1132537.255699972,1132537.263391958
1132537.263399042,1132537.268167632,1132537.276240976
1132537.276249532,1132537.281119613,1132537.289248052
1132537.289256588,1132537.293703742,1132537.301669113
1132537.301676517,1132537.306434017,1132537.314295172
1132537.314302165,1132537.318596082,1132537.326591109
1132537.326598132,1132537.330959706,1132537.338701556
1132537.338708879,1132537.343390116,1132537.351218599
1132537.351225612,1132537.355528645,1132537.363502161
1132537.363508954,1132537.367895676,1132537.375574767
1132537.3755814,1132537.380395466,1132537.388374192
1132537.388381836,1132537.392739753,1132537.400775227
1132537.400782961,1132537.405593711,1132537.413604758
1132537.413612713,1132537.418418033,1132537.426566398
1132537.426574423,1132537.430923374,1132537.438988592
1132537.439022487,1132537.444090009,1132537.452913838
1132537.452920721,1132537.457713105,1132537.465752135
1132537.465758928,1132537.470515015,1132537.478479714
1132537.478486397,1132537.482853832,1132537.490676905
1132537.490683758,1132537.495455575,1132537.5033652
1132537.503372424,1132537.508105978,1132537.516141452
1132537.516148875,1132537.520928828,1132537.529033291
1132537.52904372,1132537.533937816,1132537.542070593
1132537.542079189,1132537.546725058,1132537.554666474
1132537.554673287,1132537.559427701,1132537.567072028
1132537.56707854,1132537.571414736,1132537.579253599
1132537.579260612,1132537.58358752,1132537.591639464
1132537.591646467,1132537.596478467,1132537.604261896
1132537.604268989,1132537.608632437,1132537.616469927
1132537.61647683,1132537.620765756,1132537.628664192
1132537.628670794,1132537.633098672,1132537.640792532
1132537.640799295,1132537.645536927,1132537.653818624
1132537.653825136,1132537.658519116,1132537.666435164
1132537.666442558,1132537.670819391,1132537.678580607
1132537.67858728,1132537.683347174,1132537.691177741
1132537.691185445,1132537.695470155,1132537.703296704
1132537.703303768,1132537.707637258,1132537.71545456
1132537.715461934,1132537.720281701,1132537.72823513
1132537.728242303,1132537.732946142,1132537.741239411
1132537.741246203,1132537.745583502,1132537.754032123
1132537.754039066,1132537.758527849,1132537.766543074
1132537.766550457,1132537.771248756,1132537.779286473
1132537.779293116,1132537.783646785,1132537.791612597
1132537.79161994,1132537.795983438,1132537.803987682
1132537.803994434,1132537.808663207,1132537.817172642
1132537.817179726,1132537.821782784,1132537.829793732
1132537.829800414,1132537.834162409,1132537.842155081
1132537.842161593,1132537.846825407,1132537.855440831
1132537.855447714,1132537.859818516,1132537.86772169
1132537.867728222,1132537.872059129,1132537.893516618
1132537.893532237,1132537.898671116,1132537.907363596
1132537.907373034,1132537.912228137,1132537.920430504
1132537.920438018,1132537.925253507,1132537.933760357
1132537.933768673,1132537.938531974,1132537.946792571
1132537.946799313,1132537.951984629,1132537.960181465
1132537.960188879,1132537.964942923,1132537.973065249
1132537.973071952,1132537.977501104,1132537.9856291
1132537.985636274,1132537.990405094,1132537.998471576
1132537.998478389,1132538.002805869,1132538.011052589
1132538.011059572,1132538.015356274,1132538.023443795
1132538.023450408,1132538.028233546,1132538.036338169
1132538.036345533,1132538.04120249,1132538.049309597
1132538.049317302,1132538.054635908,1132538.063960649
1132538.063967812,1132538.068932452,1132538.078112922
1132538.078120116,1132538.082617164,1132538.09182227
1132538.091829283,1132538.096761903,1132538.105818228
1132538.105825261,1132538.110605684,1132538.119671347
1132538.119679433,1132538.124684538,1132538.133902828
1132538.133909741,1132538.138821582,1132538.148080489
1132538.148087422,1132538.152844441,1132538.162845696
1132538.16285352,1132538.167457892,1132538.176993179
1132538.177028375,1132538.182051846,1132538.191605778
1132538.191614354,1132538.196748133,1132538.205950233
1132538.205957366,1132538.210930873,1132538.218856379
1132538.218863783,1132538.223526163,1132538.231463922
1132538.231471576,1132538.236269302,1132538.243937092
1132538.243944215,1132538.248860364,1132538.257386631
1132538.257393615,1132538.262246363,1132538.270314087
1132538.270322944,1132538.275259651,1132538.28336218
1132538.283371448,1132538.287851975,1132538.296371389
1132538.296378854,1132538.300863891,1132538.30927469
1132538.309281593,1132538.313726774,1132538.321934502
1132538.321941395,1132538.326779085,1132538.334898326
1132538.334905359,1132538.339688858,1132538.34795712
1132538.347964133,1132538.352862778,1132538.361591125
1132538.361597708,1132538.366024685,1132538.374083663
1132538.374090656,1132538.37896743,1132538.387158736
1132538.387165258,1132538.391957874,1132538.400125886
1132538.400132609,1132538.405036965,1132538.413225807
1132538.413233041,1132538.418172804,1132538.426313705
1132538.426320337,1132538.431175151,1132538.439066873
1132538.439073465,1132538.443481036,1132538.451431669
1132538.451438041,1132538.456206111,1132538.464821706
1132538.464828058,1132538.46967731,1132538.480443716
1132538.480458284,1132538.485409378,1132538.49486744
1132538.494879663,1132538.500125833,1132538.509694844
1132538.509706035,1132538.514980658,1132538.524479317
1132538.524490268,1132538.529721028,1132538.539369749
1132538.539381561,1132538.544505181,1132538.554033105
1132538.554044687,1132538.559275898,1132538.583157504
1132538.583211555,1132538.588922761,1132538.598098051
1132538.598107078,1132538.603099119,1132538.611733018
1132538.611741225,1132538.616255436,1132538.624444398
1132538.624451121,1132538.629320671,1132538.637468656
1132538.637475659,1132538.641812316,1132538.649930004
1132538.649937668,1132538.654830402,1132538.663496814
1132538.663504368,1132538.667861143,1132538.675927113
1132538.675934076,1132538.680692227,1132538.688755783
1132538.688762996,1132538.693511079,1132538.701412619
1132538.701419502,1132538.705771368,1132538.713636169
1132538.713642802,1132538.71826642,1132538.726423922
1132538.726430614,1132538.731396587,1132538.739591931
1132538.739598603,1132538.743974023,1132538.751952438
1132538.751959261,1132538.756789348,1132538.765977802
1132538.765984105,1132538.770703773,1132538.778447967
1132538.778454419,1132538.783158278,1132538.790841667
1132538.790848049,1132538.79547853,1132538.803318174
1132538.803324827,1132538.808024888,1132538.81569329
1132538.815699992,1132538.82010604,1132538.828067724
1132538.828075058,1132538.832378312,1132538.840420277
1132538.840427561,1132538.845197584,1132538.853173875
1132538.853180689,1132538.857589612,1132538.866645246
1132538.866652079,1132538.872962262,1132538.882816871
1132538.882823373,1132538.889151611,1132538.898571842
1132538.898578103,1132538.904637025,1132538.914698413
1132538.914704915,1132538.919580857,1132538.930402948
1132538.930409531,1132538.935241741,1132538.943090933
1132538.943097546,1132538.947503202,1132538.955544456
1132538.955551449,1132538.95992215,1132538.967861392
1132538.967867744,1132538.972728969,1132538.980606806
1132538.980613929,1132538.985414209,1132538.993306012
1132538.993312814,1132538.997573779,1132539.005626224
1132539.005632796,1132539.010076455,1132539.017949482
1132539.017956355,1132539.022322828,1132539.030497974
1132539.030505378,1132539.035504432,1132539.046203712
1132539.046212028,1132539.050633263,1132539.058588355
1132539.058595368,1132539.06339097,1132539.071376849
1132539.071383562,1132539.076130291,1132539.084106753
1132539.084113475,1132539.088931349,1132539.096953507
1132539.096961422,1132539.101403959,1132539.109453718
1132539.109461031,1132539.113797879,1132539.121893555
1132539.121900759,1132539.126712992,1132539.134616687
1132539.134623179,1132539.138992267,1132539.147700837
1132539.147819942,1132539.152155397,1132539.16016991
1132539.160176392,1132539.165092981,1132539.173132753
1132539.173140117,1132539.177479448,1132539.185533656
1132539.185540379,1132539.189870364,1132539.197961211
1132539.197968535,1132539.202811796,1132539.210751889
1132539.210758682,1132539.21514896,1132539.223252891
1132539.223260276,1132539.228046389,1132539.23631958
1132539.236327144,1132539.241185945,1132539.249845553
1132539.249852767,1132539.254639511,1132539.26252948
1132539.262536323,1132539.266898839,1132539.274930434
1132539.274937617,1132539.27990887,1132539.287961705
1132539.287968759,1132539.292771253,1132539.300783632
1132539.300790736,1132539.305529471,1132539.313529446
1132539.313536309,1132539.317983695,1132539.325859377
1132539.325866641,1132539.330738435,1132539.338822309
1132539.338829322,1132539.343620846,1132539.352426219
1132539.352434134,1132539.35730681,1132539.365265238
1132539.365272051,1132539.37014566,1132539.378037963
1132539.378044886,1132539.382832002,1132539.405593647
1132539.405630356,1132539.410965034,1132539.41936395
1132539.419371234,1132539.423785999,1132539.431810501
1132539.431817644,1132539.436660584,1132539.444886035
1132539.44489364,1132539.450722708,1132539.459095546
1132539.459102729,1132539.463912317,1132539.471689423
1132539.471696207,1132539.475945018,1132539.483836009
1132539.483842571,1132539.488531882,1132539.496334406
1132539.496340938,1132539.500665372,1132539.508548499
1132539.508555001,1132539.513244712,1132539.521232687
1132539.52124001,1132539.525940904,1132539.533719643
1132539.533726455,1132539.538098198,1132539.546133662
1132539.546142488,1132539.551080778,1132539.559150276
1132539.559157199,1132539.563646583,1132539.571660695
1132539.57166849,1132539.576579619,1132539.584610142
1132539.584617927,1132539.589334299,1132539.59743213
1132539.597439184,1132539.601832016,1132539.609638939
1132539.609645752,1132539.614385708,1132539.622249448
1132539.62225588,1132539.626972983,1132539.634939586
1132539.634946048,1132539.639344703,1132539.647131577
1132539.647137949,1132539.651856806,1132539.659726637
1132539.659733149,1132539.664437809,1132539.672485786
1132539.672492669,1132539.676906452,1132539.684720076
1132539.684726919,1132539.689458971,1132539.697388775
1132539.697396018,1132539.702189035,1132539.710219228
1132539.71022597,1132539.715070775,1132539.723144539
1132539.723151582,1132539.72749352,1132539.735579177
1132539.735586551,1132539.740344562,1132539.748453102
1132539.748460336,1132539.75395793,1132539.761792904
1132539.761799657,1132539.766543201,1132539.774483945
1132539.774490688,1132539.779226647,1132539.787213368
1132539.787219931,1132539.791974915,1132539.799876977
1132539.79988358,1132539.804245334,1132539.812038771
1132539.812045705,1132539.816751726,1132539.824732677
1132539.824739811,1132539.829537766,1132539.837382069
1132539.837389643,1132539.841741879,1132539.84969634
1132539.849703463,1132539.854247451,1132539.862146236
1132539.86215337,1132539.866658124,1132539.874474814
1132539.874481356,1132539.87925122,1132539.887149394
1132539.887156357,1132539.891425027,1132539.899518559
1132539.899525742,1132539.904336883,1132539.912296784
1132539.912304198,1132539.916683184,1132539.92511815
1132539.925126786,1132539.929972772,1132539.938777063
1132539.938787122,1132539.943829318,1132539.953727699
1132539.953740463,1132539.958842912,1132539.968268703
1132539.968281888,1132539.973532407,1132539.982771606
1132539.982782506,1132539.98771707,1132539.995946558
1132539.995955174,1132540.000834023,1132540.009188526
1132540.009196661,1132540.014066643,1132540.023149748
1132540.023160428,1132540.027731777,1132540.036257594
1132540.036266,1132540.040773809,1132540.049290869
1132540.049298945,1132540.054142636,1132540.062840938
1132540.062848502,1132540.067745404,1132540.075738407
1132540.07574525,1132540.080114669,1132540.088057357
1132540.088064741,1132540.092755144,1132540.100634313
1132540.100641105,1132540.105494766,1132540.113298593
1132540.113305356,1132540.117657953,1132540.125620819
1132540.125627341,1132540.129955021,1132540.138059164
1132540.138067159,1132540.156105088,1132540.166633486
1132540.166675295,1132540.171764079,1132540.180155922
1132540.180164549,1132540.184950232,1132540.193335813
1132540.19334398,1132540.198189004,1132540.206293777
1132540.206302153,1132540.211071525,1132540.218995718
1132540.219030263,1132540.223324821,1132540.231362738
1132540.231369772,1132540.236130518,1132540.243949984
1132540.243957098,1132540.248752458,1132540.257348186
1132540.257355751,1132540.26209172,1132540.270245745
1132540.270252929,1132540.275038211,1132540.28291761
1132540.282924703,1132540.287711759,1132540.295579025
1132540.295585477,1132540.299878332,1132540.307865915
1132540.307872828,1132540.31236135,1132540.320207146
1132540.320213959,1132540.324933747,1132540.332801264
1132540.332807786,1132540.337146387,1132540.345099635
1132540.345106418,1132540.349884617,1132540.358321345
1132540.358328369,1132540.363133908,1132540.370927777
1132540.370934489,1132540.375631575,1132540.383616783
1132540.383623486,1132540.387969691,1132540.396031133
1132540.396039188,1132540.400821814,1132540.408818405
1132540.40883717,1132540.413192562,1132540.42152239
1132540.421530685,1132540.426357525,1132540.434401684
1132540.434409339,1132540.439203708,1132540.447280198
1132540.447288063,1132540.451623989,1132540.460392132
1132540.460398824,1132540.465215856,1132540.473243344
1132540.473250447,1132540.477588627,1132540.485600154
1132540.485607448,1132540.489907196,1132540.497926739
1132540.497933843,1132540.50238764,1132540.510260918
1132540.51026754,1132540.514644854,1132540.522714301
1132540.522721675,1132540.527398252,1132540.535353704
1132540.535361027,1132540.540144156,1132540.548074381
1132540.548081424,1132540.552415897,1132540.56086021
1132540.560868666,1132540.565577073,1132540.573741889
1132540.573749693,1132540.57851565,1132540.586537266
1132540.586543989,1132540.590880195,1132540.598730379
1132540.598737061,1132540.603078578,1132540.611096498
1132540.611103281,1132540.61546745,1132540.623365223
1132540.623372126,1132540.628134034,1132540.635968559
1132540.635975442,1132540.64028632,1132540.648273902
1132540.648281056,1132540.653094561,1132540.66114373
1132540.661150382,1132540.66572606,1132540.673592654
1132540.673599237,1132540.678374009,1132540.686880599
1132540.686888494,1132540.691753736,1132540.699769012
1132540.699775864,1132540.70440934,1132540.713079298
1132540.713086542,1132540.717887644,1132540.72653588
1132540.726543364,1132540.73105939,1132540.739530723
1132540.739537806,1132540.743939616,1132540.752192759
1132540.752199762,1132540.75746595,1132540.766399875
1132540.766406638,1132540.771476947,1132540.780193051
1132540.780200295,1132540.784697815,1132540.793234652
1132540.793241655,1132540.797654756,1132540.805877101
1132540.805884344,1132540.810690416,1132540.818657099
1132540.818664703,1132540.823031447,1132540.83098203
1132540.830988622,1132540.847913897,1132540.85846613
1132540.858475768,1132540.863641908,1132540.872072574
1132540.872081572,1132540.876467251,1132540.884604475
1132540.8846126,1132540.88938037,1132540.897520189
1132540.897527212,1132540.901871053,1132540.909738339
1132540.909744811,1132540.914105564,1132540.921877751
1132540.921884363,1132540.926197897,1132540.934318781
1132540.934325854,1132540.938700763,1132540.946508978
1132540.94651555,1132540.950841217,1132540.958686692
1132540.958693415,1132540.963381534,1132540.97179073
1132540.971797322,1132540.976147816,1132540.98386003
1132540.983866552,1132540.988200494,1132540.995898031
1132540.995904924,1132541.000211353,1132541.008140887
1132541.00814768,1132541.012893488,1132541.020642131
1132541.020648533,1132541.024956194,1132541.032879647
1132541.032886419,1132541.037208489,1132541.04514182
1132541.045148433,1132541.049478727,1132541.057236447
1132541.057242759,1132541.061562585,1132541.069902581
1132541.069908933,1132541.074191999,1132541.082102387
1132541.08210973,1132541.086449053,1132541.094225748
1132541.0942325,1132541.098580709,1132541.106411126
1132541.106417749,1132541.110676408,1132541.118617324
1132541.118624006,1132541.123391544,1132541.131237069
1132541.131307162,1132541.136062557,1132541.143894387
1132541.143901129,1132541.148558561,1132541.156556012
1132541.156563596,1132541.160922014,1132541.169397616
1132541.169403978,1132541.173705068,1132541.181588164
1132541.181594646,1132541.186289949,1132541.19431391
1132541.194320553,1132541.198701613,1132541.206628272
1132541.206635535,1132541.211385561,1132541.219340702
1132541.219347355,1132541.223640871,1132541.231573149
1132541.231579811,1132541.235929092,1132541.243715597
1132541.243722039,1132541.248052965,1132541.255915573
1132541.255922175,1132541.260207475,1132541.268100771
1132541.268107393,1132541.272536874,1132541.280341413
1132541.280347985,1132541.284682849,1132541.292448283
1132541.292454685,1132541.297150959,1132541.304987367
1132541.30499382,1132541.309723006,1132541.317442103
1132541.317448505,1132541.321796083,1132541.329627471
1132541.329634214,1132541.333904116,1132541.343450745
1132541.34346433,1132541.348621502,1132541.357046719
1132541.357054724,1132541.361836079,1132541.37017842
1132541.370185423,1132541.375593267,1132541.383630553
1132541.383637366,1132541.387984423,1132541.395815701
1132541.395822814,1132541.400546741,1132541.408324549
1132541.408331041,1132541.412654454,1132541.420501522
1132541.420508164,1132541.42487597,1132541.432712087
1132541.43271907,1132541.43749833,1132541.445294082
1132541.445300464,1132541.449667789,1132541.457496563
1132541.457503566,1132541.462266666,1132541.47010632
1132541.470113443,1132541.475508634,1132541.483425344
1132541.483432527,1132541.48776173,1132541.495746107
1132541.495752439,1132541.500274395,1132541.508140789
1132541.508147411,1132541.512463881,1132541.520264381
1132541.520271114,1132541.524629031,1132541.532484144
1132541.532491007,1132541.537274987,1132541.544980899
1132541.544987561,1132541.549357401,1132541.557198869
1132541.557206103,1132541.561565162,1132541.569693189
1132541.569701464,1132541.574682334,1132541.582844877
1132541.58285197,1132541.587637443,1132541.595414008
1132541.59542078,1132541.600197497,1132541.608094769
1132541.608101862,1132541.612442287,1132541.620151295
1132541.620158298,1132541.624882865,1132541.632654631
1132541.632661765,1132541.637428923,1132541.645265231
1132541.645271713,1132541.649881675,1132541.657485665
1132541.657492298,1132541.672400825,1132541.682792385
1132541.682805209,1132541.687682754,1132541.695565409
1132541.695572362,1132541.700324532,1132541.708046635
1132541.708053228,1132541.712776563,1132541.720554059
1132541.720560411,1132541.72531177,1132541.733095328
1132541.73310178,1132541.737428829,1132541.745113552
1132541.745120064,1132541.749464225,1132541.757228347
1132541.75723507,1132541.761597114,1132541.769454241
1132541.769461345,1132541.774180462,1132541.782449145
1132541.782455637,1132541.787197707,1132541.794955818
1132541.79496262,1132541.799336809,1132541.80718566
1132541.807192142,1132541.811553015,1132541.819332415
1132541.819338998,1132541.823654726,1132541.831576184
1132541.831583067,1132541.836363599,1132541.844230956
1132541.844237678,1132541.848583032,1132541.856276671
1132541.856283514,1132541.860602037,1132541.868396687
1132541.868403269,1132541.873166048,1132541.881733503
1132541.881740066,1132541.886517493,1132541.894255055
1132541.894261537,1132541.898600949,1132541.906390729
1132541.906397151,1132541.910698041,1132541.918651861
1132541.918658253,1132541.923422875,1132541.931339795
1132541.931346748,1132541.935754298,1132541.94356057
1132541.943567633,1132541.948343067,1132541.956340208
1132541.956347521,1132541.961077369,1132541.96893138
1132541.968938203,1132541.97369973,1132541.98206252
1132541.982069242,1132541.986596227,1132541.994572929
1132541.994579632,1132541.999183724,1132542.007192035
1132542.007199449,1132542.011524895,1132542.019421206
1132542.01942881,1132542.023838114,1132542.03184349
1132542.031850072,1132542.036619624,1132542.044564206
1132542.044571139,1132542.049361701,1132542.057270216
1132542.057277169,1132542.062073932,1132542.070061444
1132542.070068929,1132542.07485917,1132542.083061086
1132542.08306813,1132542.087981283,1132542.09580687
1132542.095814695,1132542.10057527,1132542.108509152
1132542.108516346,1132542.113373663,1132542.121492893
1132542.121500858,1132542.125885957,1132542.133893227
1132542.13390036,1132542.138362624,1132542.146374422
1132542.146381455,1132542.151190662,1132542.158933694
1132542.158940086,1132542.163289577,1132542.171158768
1132542.17116535,1132542.175517086,1132542.183637959
1132542.183645043,1132542.188457095,1132542.196254179
1132542.196261392,1132542.200989457,1132542.208779888
1132542.20878629,1132542.213127937,1132542.220991626
1132542.220998268,1132542.225347058,1132542.233213563
1132542.233221017,1132542.237944533,1132542.245867734
1132542.245874507,1132542.25025631,1132542.258316178
1132542.258323071,1132542.263111729,1132542.271179774
1132542.27118842,1132542.275969514,1132542.283986402
1132542.283993425,1132542.288492398,1132542.297875449
1132542.297883945,1132542.302583636,1132542.310443898
1132542.310451032,1132542.314748756,1132542.322449327
1132542.322455649,1132542.326769123,1132542.334524939
1132542.334531702,1132542.352173195,1132542.361835322
1132542.361844339,1132542.366340897,1132542.374224314
1132542.374231848,1132542.379028832,1132542.386995375
1132542.387027315,1132542.391534894,1132542.399620491
1132542.399627114,1132542.403990131,1132542.411953768
1132542.411960411,1132542.416745933,1132542.424557194
1132542.424563867,1132542.429348578,1132542.437097561
1132542.437104183,1132542.441909894,1132542.449683013
1132542.449689635,1132542.454453546,1132542.462448664
1132542.462456238,1132542.466852808,1132542.47464903
1132542.474656044,1132542.479415246,1132542.487296258
1132542.48730287,1132542.491666008,1132542.500312331
1132542.500319164,1132542.504686639,1132542.512545238
1132542.512553495,1132542.517413477,1132542.525368689
1132542.525375592,1132542.53008972,1132542.538391955
1132542.538398848,1132542.542779378,1132542.550637917
1132542.550644981,1132542.555426526,1132542.563319019
1132542.563326002,1132542.567648323,1132542.57558536
1132542.575591973,1132542.579972723,1132542.587836813
1132542.587843345,1132542.592623738,1132542.601078541
1132542.601085324,1132542.605475952,1132542.613389776
1132542.613396238,1132542.618194895,1132542.626210371
1132542.626217023,1132542.630614444,1132542.638695483
1132542.638702486,1132542.643506363,1132542.651614623
1132542.651621987,1132542.656047592,1132542.664030315
1132542.664037549,1132542.668444729,1132542.67641043
1132542.676417473,1132542.680820145,1132542.68886167
1132542.688868412,1132542.693675935,1132542.702259411
1132542.702266445,1132542.707069499,1132542.715069977
1132542.71507707,1132542.719474071,1132542.72757169
1132542.727578333,1132542.731988659,1132542.740036986
1132542.740043939,1132542.744439387,1132542.752446526
1132542.752453199,1132542.757221259,1132542.765308109
1132542.765316054,1132542.769685011,1132542.777515128
1132542.77752187,1132542.781893202,1132542.789792268
1132542.789799361,1132542.794215859,1132542.802852625
1132542.802859598,1132542.807247191,1132542.815151186
1132542.815158239,1132542.819489596,1132542.827580193
1132542.827586915,1132542.832379461,1132542.840413302
1132542.840420074,1132542.844789092,1132542.85286423
1132542.852871293,1132542.85769083,1132542.865747752
1132542.865754645,1132542.870176924,1132542.878143407
1132542.87815009,1132542.882919512,1132542.89080379
1132542.890810513,1132542.895543225,1132542.904463805
1132542.904470939,1132542.909094646,1132542.917138896
1132542.917145558,1132542.921872571,1132542.92969927
1132542.929706063,1132542.934044143,1132542.941945262
1132542.941951965,1132542.946359707,1132542.954450574
1132542.954458649,1132542.959223542,1132542.967189023
1132542.967196497,1132542.971949108,1132542.979959233
1132542.979965866,1132542.98478454,1132542.992803532
1132542.992810476,1132542.997617668,1132543.00611425
1132543.006121193,1132543.010890605,1132543.018902284
1132543.018910148,1132543.023336384,1132543.031358903
1132543.031365926,1132543.036193277,1132543.044198473
1132543.044205586,1132543.04866821,1132543.056689567
1132543.056696871,1132543.061496549,1132543.069544105
1132543.069619047,1132543.088620662,1132543.099797911
1132543.099820835,1132543.105558189,1132543.113929856
1132543.113937951,1132543.11884409,1132543.127090671
1132543.127098045,1132543.132071591,1132543.140190912
1132543.140198727,1132543.145071052,1132543.153550161
1132543.153557215,1132543.158422166,1132543.167121359
1132543.167129054,1132543.171578102,1132543.179773687
1132543.17978057,1132543.184712518,1132543.192928742
1132543.192935634,1132543.197698434,1132543.206699776
1132543.206706078,1132543.211432138,1132543.219169479
1132543.219176202,1132543.223490046,1132543.23127119
1132543.231277943,1132543.235581658,1132543.24347345
1132543.243480123,1132543.247821188,1132543.255550584
1132543.255557327,1132543.26030541,1132543.268077546
1132543.268083988,1132543.272738444,1132543.280480976
1132543.280487297,1132543.284818254,1132543.292403759
1132543.292410362,1132543.297110102,1132543.305601224
1132543.305607826,1132543.310094425,1132543.318180103
1132543.318186485,1132543.322486273,1132543.330445041
1132543.330451544,1132543.335371338,1132543.343548689
1132543.343555521,1132543.348715519,1132543.356917135
1132543.356923858,1132543.36175695,1132543.369712172
1132543.369718664,1132543.374092571,1132543.382162609
1132543.382169031,1132543.387033512,1132543.395040421
1132543.395047935,1132543.399879484,1132543.408766341
1132543.408773344,1132543.413459289,1132543.421309132
1132543.421316035,1132543.42567842,1132543.433567648
1132543.433574411,1132543.438250878,1132543.446082126
1132543.446089049,1132543.450750899,1132543.45854677
1132543.458553503,1132543.463241011,1132543.471091275
1132543.471099911,1132543.475471294,1132543.483429892
1132543.483437456,1132543.487823046,1132543.495659173
1132543.495666237,1132543.500047628,1132543.508297173
1132543.508304347,1132543.512724842,1132543.520788589
1132543.520796864,1132543.525404511,1132543.533592832
1132543.533600457,1132543.537968142,1132543.546290756
1132543.54629838,1132543.550716451,1132543.558918908
1132543.558926132,1132543.563808025,1132543.572265002
1132543.572272175,1132543.576613341,1132543.585093141
1132543.585100264,1132543.589521471,1132543.597742613
1132543.597750057,1132543.602501054,1132543.611650996
1132543.61165834,1132543.616340177,1132543.624307722
1132543.624314806,1132543.629123792,1132543.63697068
1132543.636977824,1132543.641685139,1132543.649659206
1132543.649666119,1132543.654064453,1132543.661995348
1132543.662030976,1132543.666745224,1132543.674620675
1132543.67462863,1132543.679358838,1132543.687279145
1132543.687286158,1132543.691969818,1132543.699857613
1132543.699864586,1132543.704245015,1132543.712317859
1132543.712325653,1132543.716748092,1132543.724857785
1132543.724864878,1132543.729298067,1132543.737516535
1132543.737523929,1132543.741887627,1132543.749917489
1132543.749924772,1132543.765059786,1132543.775387175
1132543.775395571,1132543.780495446,1132543.789128283
1132543.789136148,1132543.794105877,1132543.802317792
1132543.802325156,1132543.80725458,1132543.81640365
1132543.816410864,1132543.821158574,1132543.829780292
1132543.829788297,1132543.83475478,1132543.84299589
1132543.843034103,1132543.847512266,1132543.855716145
1132543.855724352,1132543.86058234,1132543.868827538
1132543.868835082,1132543.873310891,1132543.88145538
1132543.881462874,1132543.885911923,1132543.894092458
1132543.894099331,1132543.898710466,1132543.90690614
1132543.906913655,1132543.912094591,1132543.920262434
1132543.920269477,1132543.924670456,1132543.932734221
1132543.932741024,1132543.937162321,1132543.945384716
1132543.9453923,1132543.950372989,1132543.958489646
1132543.95849721,1132543.963304984,1132543.971514354
1132543.971521499,1132543.975983521,1132543.984395593
1132543.984402997,1132543.989190754,1132543.997167617
1132543.997175131,1132544.001553817,1132544.00966907
1132544.009676093,1132544.015209574,1132544.02347993
1132544.023488255,1132544.028246787,1132544.03634092
1132544.036348083,1132544.040814555,1132544.049115378
1132544.049122441,1132544.053528429,1132544.061716809
1132544.061723954,1132544.066257611,1132544.075107939
1132544.075115563,1132544.079950608,1132544.088063408
1132544.088070611,1132544.092909073,1132544.101130316
1132544.10113788,1132544.105606636,1132544.114794028
1132544.114802204,1132544.119432353,1132544.127642796
1132544.127650892,1132544.132079732,1132544.140134672
1132544.140141795,1132544.144526953,1132544.152444374
1132544.152451307,1132544.15725829,1132544.165280077
1132544.16528726,1132544.170201686,1132544.178316267
1132544.17832314,1132544.182728567,1132544.190691424
1132544.190698617,1132544.195180057,1132544.203298285
1132544.203305349,1132544.208220626,1132544.216824068
1132544.216837313,1132544.222116445,1132544.230222371
1132544.230229374,1132544.235108793,1132544.243192807
1132544.243199399,1132544.248022843,1132544.255966413
1132544.255973456,1132544.260874848,1132544.268710214
1132544.268717247,1132544.273612756,1132544.281514728
1132544.281522082,1132544.2859502,1132544.293973912
1132544.293980825,1132544.298457045,1132544.306411375
1132544.306418638,1132544.311041775,1132544.319728224
1132544.319735066,1132544.324208631,1132544.332273159
1132544.332280533,1132544.337197363,1132544.345180137
1132544.345187631,1132544.349814374,1132544.357778011
1132544.357785005,1132544.362645719,1132544.370704896
1132544.370711689,1132544.375557796,1132544.383549787
1132544.38355656,1132544.387954231,1132544.395877313
1132544.395883935,1132544.400329207,1132544.408343109
1132544.408350233,1132544.412813087,1132544.422208271
1132544.422215485,1132544.426752869,1132544.434828418
1132544.434836082,1132544.439782968,1132544.447979755
1132544.44798748,1132544.452890995,1132544.46105505
1132544.461062705,1132544.465761083,1132544.47380448
1132544.473811393,1132544.478345813,1132544.486612261
1132544.486620616,1132544.491499816,1132544.499415182
1132544.499422185,1132544.504246911,1132544.51218955
1132544.512196222,1132544.516964122,1132544.525441397
1132544.525447939,1132544.530239894,1132544.538094386
1132544.538101679,1132544.54244574,1132544.550440226
1132544.550447019,1132544.554837176,1132544.562900271
1132544.562906884,1132544.567793096,1132544.575670592
1132544.575677284,1132544.580317773,1132544.588348387
1132544.58835519,1132544.592994036,1132544.601036783
1132544.601043555,1132544.605923034,1132544.613776104
1132544.613782706,1132544.630306154,1132544.640632923
1132544.640639836,1132544.645540155,1132544.653626723
1132544.653633447,1132544.658541599,1132544.666496831
1132544.666503844,1132544.670842906,1132544.678827082
1132544.678833885,1132544.683701182,1132544.691815253
1132544.691822416,1132544.696678822,1132544.704689488
1132544.704697092,1132544.709497082,1132544.71749844
1132544.717506296,1132544.721989629,1132544.730680767
1132544.730688371,1132544.735467191,1132544.743289082
1132544.743296586,1132544.748123656,1132544.75614881
1132544.756157016,1132544.761026927,1132544.769180652
1132544.769187775,1132544.773774634,1132544.781715629
1132544.781722792,1132544.786545404,1132544.794463517
1132544.79447043,1132544.798851991,1132544.806795281
1132544.806802304,1132544.811650374,1132544.819629751
1132544.819636975,1132544.824084841,1132544.833145164
1132544.833152628,1132544.838074668,1132544.846138805
1132544.846145367,1132544.85112769,1132544.859215812
1132544.859222224,1132544.864119678,1132544.872318118
1132544.872325341,1132544.876759461,1132544.884930871
1132544.884937653,1132544.889419454,1132544.897372071
1132544.897378733,1132544.902256149,1132544.910202664
1132544.910209256,1132544.915044953,1132544.923081899
1132544.923088522,1132544.928337187,1132544.936198973
1132544.936205555,1132544.94112009,1132544.948890925
1132544.948897557,1132544.95367819,1132544.961625337
1132544.961631799,1132544.966491802,1132544.974308953
1132544.974315325,1132544.978669265,1132544.986473462
1132544.986479844,1132544.990862748,1132544.998712662
1132544.998719324,1132545.003142815,1132545.010864457
1132545.01087123,1132545.015688652,1132545.02356731
1132545.023574483,1132545.028992908,1132545.037099284
1132545.037106948,1132545.041921365,1132545.04977734
1132545.049784834,1132545.054271635,1132545.062359946
1132545.062422304,1132545.067312293,1132545.075277534
1132545.075284949,1132545.080148007,1132545.087922377
1132545.087930052,1132545.092402745,1132545.100317591
1132545.100325446,1132545.104816594,1132545.112918542
1132545.112925605,1132545.117462299,1132545.125330407
1132545.125337721,1132545.130544436,1132545.138591431
1132545.138600027,1132545.143132963,1132545.15126008
1132545.151268055,1132545.156180055,1132545.164159693
1132545.164166696,1132545.168644249,1132545.176739314
1132545.176746608,1132545.181273532,1132545.189291663
1132545.189298907,1132545.194247186,1132545.202256078
1132545.202264194,1132545.20714187,1132545.215221906
1132545.21522912,1132545.219888335,1132545.227963422
1132545.227970766,1132545.233630996,1132545.241586168
1132545.241593331,1132545.246043642,1132545.254143096
1132545.254150169,1132545.258583959,1132545.26668741
1132545.266695054,1132545.27114745,1132545.279140663
1132545.279148277,1132545.283798664,1132545.291863743
1132545.291870576,1132545.296248311,1132545.304310935
1132545.304318168,1132545.308661909,1132545.316703884
1132545.316710937,1132545.321159966,1132545.34441449
1132545.344439448,1132545.349962098,1132545.358801335
1132545.358808679,1132545.363731229,1132545.37176037
1132545.371767554,1132545.376237181,1132545.384431684
1132545.384440761,1132545.389200354,1132545.397447045
1132545.397454319,1132545.402038833,1132545.410039099
1132545.410046082,1132545.41443647,1132545.422404496
1132545.422412221,1132545.426772283,1132545.435455525
1132545.435462779,1132545.439863236,1132545.44767593
1132545.447682662,1132545.452371603,1132545.46025551
1132545.460262073,1132545.464653743,1132545.472593937
1132545.472600719,1132545.476922138,1132545.48473389
1132545.484740993,1132545.48952924,1132545.497200938
1132545.497207781,1132545.501574996,1132545.509404902
1132545.509411624,1132545.514156359,1132545.521812509
1132545.521819261,1132545.526564017,1132545.534958306
1132545.534965339,1132545.539517531,1132545.547421277
1132545.547427959,1132545.551755459,1132545.559409353
1132545.559415875,1132545.563715723,1132545.571386048
1132545.571392721,1132545.575699782,1132545.583433457
1132545.58344033,1132545.588187229,1132545.595806299
1132545.595812931,1132545.600115433,1132545.607884706
1132545.607891338,1132545.615253944,1132545.623361132
1132545.623368706,1132545.628237715,1132545.636732924
1132545.636740148,1132545.641104637,1132545.648982032
1132545.648988955,1132545.653702302,1132545.661516899
1132545.661523461,1132545.666104609,1132545.673775114
1132545.673781526,1132545.678408511,1132545.686211926
1132545.686218608,1132545.691072691,1132545.698869924
1132545.698876567,1132545.703283517,1132545.711815033
1132545.711821636,1132545.716212195,1132545.724213824
1132545.724220597,1132545.729109504,1132545.737710692
1132545.737717756,1132545.742554204,1132545.75032588
1132545.750332712,1132545.75464322,1132545.762368489
1132545.762375182,1132545.76670687,1132545.774495838
1132545.774502301,1132545.779485706,1132545.787056043
1132545.787062625,1132545.791597856,1132545.799277629
1132545.799284162,1132545.804030921,1132545.811727155
1132545.811733797,1132545.81606793,1132545.823655449
1132545.823661801,1132545.828036921,1132545.835839215
1132545.835846428,1132545.841203306,1132545.849022843
1132545.849030116,1132545.853838953,1132545.861490683
1132545.861497425,1132545.865809156,1132545.873557688
1132545.873564421,1132545.878371885,1132545.886227659
1132545.886234602,1132545.890949592,1132545.898550336
1132545.89855752,1132545.90330487,1132545.911028566
1132545.911034988,1132545.915739437,1132545.923585774
1132545.923592857,1132545.928203732,1132545.935945792
1132545.935952685,1132545.941336684,1132545.949222425
1132545.949229358,1132545.95398807,1132545.962067626
1132545.962074258,1132545.966949209,1132545.974615006
1132545.974621699,1132545.979381212,1132545.98723912
1132545.987246024,1132545.99152366,1132545.999411344
1132545.999417866,1132546.003740808,1132546.025466333
1132546.025476121,1132546.030372092,1132546.038730483
1132546.038738347,1132546.0435559,1132546.051678377
1132546.051685781,1132546.056057423,1132546.063767644
1132546.063774727,1132546.068130711,1132546.075831053
1132546.075837575,1132546.080596428,1132546.088437695
1132546.088444478,1132546.092791715,1132546.100390345
1132546.100397007,1132546.105047735,1132546.112702532
1132546.112709355,1132546.117069165,1132546.124777853
1132546.124784465,1132546.129519663,1132546.137172565
1132546.137179408,1132546.142238405,1132546.149969775
1132546.149976698,1132546.154746492,1132546.162826739
1132546.162833522,1132546.167208501,1132546.174821979
1132546.174829092,1132546.179536538,1132546.187276464
1132546.187282856,1132546.19199512,1132546.199790231
1132546.199797134,1132546.204541028,1132546.212234327
1132546.212240959,1132546.216536649,1132546.224300751
1132546.224307504,1132546.22863325,1132546.236426236
1132546.236433119,1132546.240995171,1132546.249762703
1132546.249770327,1132546.254467603,1132546.262573929
1132546.262581283,1132546.267357728,1132546.275413139
1132546.275419501,1132546.280213109,1132546.287919662
1132546.287926505,1132546.292277579,1132546.300100302
1132546.300107455,1132546.304822976,1132546.312756165
1132546.312762918,1132546.317553611,1132546.32535357
1132546.325360213,1132546.329660891,1132546.337381672
1132546.337388154,1132546.341719421,1132546.350134058
1132546.350140571,1132546.354884174,1132546.362547947
1132546.362554079,1132546.366848706,1132546.374566781
1132546.374573033,1132546.379289856,1132546.387059679
1132546.387066242,1132546.391409631,1132546.399075538
1132546.39908216,1132546.403813682,1132546.411677511
1132546.411684124,1132546.416080894,1132546.423955393
1132546.423962447,1132546.428351042,1132546.436138157
1132546.43614528,1132546.440842336,1132546.449325282
1132546.449333357,1132546.454124159,1132546.462074903
1132546.462081916,1132546.466412211,1132546.474148991
1132546.474155574,1132546.478463387,1132546.486294495
1132546.486301258,1132546.490899097,1132546.498758488
1132546.498765311,1132546.503445194,1132546.511167217
1132546.511173609,1132546.515489597,1132546.523334491
1132546.523341104,1132546.527694282,1132546.535566337
1132546.53557323,1132546.539936958,1132546.547965418
1132546.54797194,1132546.553201068,1132546.560984125
1132546.560990417,1132546.565797931,1132546.573706866
1132546.573714079,1132546.578073269,1132546.586207026
1132546.58621434,1132546.590948226,1132546.598709923
1132546.598716856,1132546.603512638,1132546.611313108
1132546.61131958,1132546.615665194,1132546.62343643
1132546.623443343,1132546.628216031,1132546.635981626
1132546.635988619,1132546.640702416,1132546.648523415
1132546.648530319,1132546.654800536,1132546.662462396
1132546.662469329,1132546.679213031,1132546.689186194
1132546.689201793,1132546.694245973,1132546.702311733
1132546.702318566,1132546.707074783,1132546.714744407
1132546.714752292,1132546.719063902,1132546.726840267
1132546.726846809,1132546.73123341,1132546.739061041
1132546.739067914,1132546.743784727,1132546.751426079
1132546.751432961,1132546.756323231,1132546.764058208
1132546.76406462,1132546.768601534,1132546.776328266
1132546.776334618,1132546.780852666,1132546.78844252
1132546.788448902,1132546.793210039,1132546.800948592
1132546.800954964,1132546.805722773,1132546.813455636
1132546.813462208,1132546.81775328,1132546.825889953
1132546.825896466,1132546.83026308,1132546.837991735
1132546.837997906,1132546.842351135,1132546.850065202
1132546.850071795,1132546.85479013,1132546.862815223
1132546.862821575,1132546.86714115,1132546.874852443
1132546.874858855,1132546.879204649,1132546.886971576
1132546.886977998,1132546.891668462,1132546.899320914
1132546.899327526,1132546.903796833,1132546.911465585
1132546.911472077,1132546.91577458,1132546.923514006
1132546.923520608,1132546.92824238,1132546.935785727
1132546.935792119,1132546.94042871,1132546.948067236
1132546.948073618,1132546.952422287,1132546.960893983
1132546.960900655,1132546.965244035,1132546.972881658
1132546.97288811,1132546.977189091,1132546.98482461
1132546.984830852,1132546.989164022,1132546.996892908
1132546.99689934,1132547.001239844,1132547.008770877
1132547.008859795,1132547.013199548,1132547.020874391
1132547.020881073,1132547.025230475,1132547.033059228
1132547.033066211,1132547.037378252,1132547.045104653
1132547.045111346,1132547.049424068,1132547.0570928
1132547.057099303,1132547.062487149,1132547.070246902
1132547.070253304,1132547.074904334,1132547.082546797
1132547.082553359,1132547.087317081,1132547.094946469
1132547.094952801,1132547.099596405,1132547.10739903
1132547.107406294,1132547.112154155,1132547.119757795
1132547.119764398,1132547.124083501,1132547.131816685
1132547.131823087,1132547.136362526,1132547.144125456
1132547.144131848,1132547.148443107,1132547.156070852
1132547.156077454,1132547.16125228,1132547.168910904
1132547.168917116,1132547.173631374,1132547.181439879
1132547.181446311,1132547.186162833,1132547.193818381
1132547.193824953,1132547.198329627,1132547.20606251
1132547.206069272,1132547.210630352,1132547.218373264
1132547.218379806,1132547.223095888,1132547.230710719
1132547.230717111,1132547.235029542,1132547.24275399
1132547.242760973,1132547.24710281,1132547.254947724
1132547.254954186,1132547.259503023,1132547.267672939
1132547.267679161,1132547.272345739,1132547.280040139
1132547.280046712,1132547.284739209,1132547.292434221
1132547.292440633,1132547.296735311,1132547.304414273
1132547.304420955,1132547.308776558,1132547.316544787
1132547.316551179,1132547.321332203,1132547.329142262
1132547.329149065,1132547.333493236,1132547.341207084
1132547.341213676,1132547.345689705,1132547.353389015
1132547.353395137,1132547.357703209,1132547.365927598
1132547.36593412,1132547.37025636,1132547.377889415
1132547.377895818,1132547.382215823,1132547.389887231
1132547.389893603,1132547.394532479,1132547.402291832
1132547.402298705,1132547.406994409,1132547.414628526
1132547.414635378,1132547.418924515,1132547.426557141
1132547.426563512,1132547.430882526,1132547.438742999
1132547.438749612,1132547.443116095,1132547.450785839
1132547.450792221,1132547.455539622,1132547.463765003
1132547.463771335,1132547.468089637,1132547.475793395
1132547.475799887,1132547.480536187,1132547.488161488
1132547.48816807,1132547.492451987,1132547.500146919
1132547.500154083,1132547.504696908,1132547.512341886
1132547.512348478,1132547.51667707,1132547.524267004
1132547.524273626,1132547.528587962,1132547.536298823
1132547.536305436,1132547.540625471,1132547.54833474
1132547.548341542,1132547.55265203,1132547.573140266
1132547.573146848,1132547.578084447,1132547.586574155
1132547.586580707,1132547.590902577,1132547.598749504
1132547.598755896,1132547.603078848,1132547.610617114
1132547.610623636,1132547.615337784,1132547.62307211
1132547.623078712,1132547.627801807,1132547.635637784
1132547.635644357,1132547.640094007,1132547.647658413
1132547.647664835,1132547.652407466,1132547.660144397
1132547.66015115,1132547.665156677,1132547.673227346
1132547.673234019,1132547.677973404,1132547.685586011
1132547.685592362,1132547.690330024,1132547.698056606
1132547.698063218,1132547.702368857,1132547.710088034
1132547.710094527,1132547.714407109,1132547.722062065
1132547.722068587,1132547.726785891,1132547.734427693
1132547.734433985,1132547.738753739,1132547.746464571
1132547.746470953,1132547.751052291,1132547.758764826
1132547.758771278,1132547.763496537,1132547.771626849
1132547.771633191,1132547.776371704,1132547.784049354
1132547.784055796,1132547.788781325,1132547.796397208
1132547.79640357,1132547.801128338,1132547.808780378
1132547.808787162,1132547.813475611,1132547.821320505
1132547.821327097,1132547.825638807,1132547.833404762
1132547.833411796,1132547.838153476,1132547.845822538
1132547.845828961,1132547.850525285,1132547.85822187
1132547.858228492,1132547.862535724,1132547.870730788
1132547.87073718,1132547.875077153,1132547.882725367
1132547.882731849,1132547.887481383,1132547.895206522
1132547.895212904,1132547.899528321,1132547.907155004
1132547.907161416,1132547.911897596,1132547.919570606
1132547.919577218,1132547.923884771,1132547.93161018
1132547.931616532,1132547.936350507,1132547.943943447
1132547.943950019,1132547.948725894,1132547.956469657
1132547.95647661,1132547.960815892,1132547.969094322
1132547.969100554,1132547.973570051,1132547.981283838
1132547.98129032,1132547.985790065,1132547.993608178
1132547.993614811,1132547.997932492,1132548.005783808
1132548.005790471,1132548.010122379,1132548.017752138
1132548.01775875,1132548.022095818,1132548.029789858
1132548.029796541,1132548.034563679,1132548.042516586
1132548.042522949,1132548.046834057,1132548.054498031
1132548.054504653,1132548.059042028,1132548.066777496
1132548.066783748,1132548.071801888,1132548.079882506
1132548.079888868,1132548.084242437,1132548.091850445
1132548.091856787,1132548.096187082,1132548.103912772
1132548.103919334,1132548.108267733,1132548.116076289
1132548.116082651,1132548.120420721,1132548.128084954
1132548.128091346,1132548.132399219,1132548.140164513
1132548.140170975,1132548.144781459,1132548.152720559
1132548.152728174,1132548.157468101,1132548.165282357
1132548.165288718,1132548.170244782,1132548.17855382
1132548.178560313,1132548.182922668,1132548.190706177
1132548.190712579,1132548.195464588,1132548.203351431
1132548.203357964,1132548.20808187,1132548.215822317
1132548.215828809,1132548.220583784,1132548.228451041
1132548.228457513,1132548.232776566,1132548.240462411
1132548.240468552,1132548.244983716,1132548.252728211
1132548.252734613,1132548.257401782,1132548.265360801
1132548.265367123,1132548.27651611,1132548.285092892
1132548.285100597,1132548.289980747,1132548.298144141
1132548.298151094,1132548.302989176,1132548.310987468
1132548.310993981,1132548.315357558,1132548.32299405
1132548.323028886,1132548.32754998,1132548.335379876
1132548.335386087,1132548.340147745,1132548.348068452
1132548.348075545,1132548.352860356,1132548.360576678
1132548.360583601,1132548.365194585,1132548.373077972
1132548.373084665,1132548.377836383,1132548.385798057
1132548.38580515,1132548.390253798,1132548.398064809
1132548.398071632,1132548.402393009,1132548.410194161
1132548.410201054,1132548.414561135,1132548.422505717
1132548.4225127,1132548.42738169,1132548.435141274
1132548.435147746,1132548.439932035,1132548.447732757
1132548.447739469,1132548.452127974,1132548.460199394
1132548.460206838,1132548.464577479,1132548.472453793
1132548.472461237,1132548.477986042,1132548.48593967
1132548.485946984,1132548.490674738,1132548.498753743
1132548.498760426,1132548.503503368,1132548.511436378
1132548.51144303,1132548.515777784,1132548.523764815
1132548.523771608,1132548.528394554,1132548.536494058
1132548.536501632,1132548.54096078,1132548.548898288
1132548.548905241,1132548.553596286,1132548.561452541
1132548.561459254,1132548.565802594,1132548.573686721
1132548.573693434,1132548.57872504,1132548.586802091
1132548.586809064,1132548.59118774,1132548.598912729
1132548.598919702,1132548.603266177,1132548.610938877
1132548.610946462,1132548.615712156,1132548.62340257
1132548.623409433,1132548.628088635,1132548.635788827
1132548.63579569,1132548.640154478,1132548.647825705
1132548.647832357,1132548.65217732,1132548.659725686
1132548.659732158,1132548.664056763,1132548.671623963
1132548.671630787,1132548.675951263,1132548.684765823
1132548.684772555,1132548.689466986,1132548.697050358
1132548.697057171,1132548.701372618,1132548.708960258
1132548.708966931,1132548.713650651,1132548.721431054
1132548.721437686,1132548.726159989,1132548.73384899
1132548.733856153,1132548.738550244,1132548.746273789
1132548.746280622,1132548.751027371,1132548.758672309
1132548.758678781,1132548.763054702,1132548.77061483
1132548.770621363,1132548.774892827,1132548.783054006
1132548.78306106,1132548.787713301,1132548.79551273
1132548.795519322,1132548.799838637,1132548.807670555
1132548.807677299,1132548.811996933,1132548.819734134
1132548.819740456,1132548.824112591,1132548.832525374
1132548.832532267,1132548.837098226,1132548.844794811
1132548.844801583,1132548.849541299,1132548.857404137
1132548.857411601,1132548.861736736,1132548.869497292
1132548.869503574,1132548.873818369,1132548.881526466
1132548.88153376,1132548.886741247,1132548.894544703
1132548.894551175,1132548.899322151,1132548.907139402
1132548.907248077,1132548.912042536,1132548.922997327
1132548.923029708,1132548.927385972,1132548.935134614
1132548.935141878,1132548.939446004,1132548.947131989
1132548.947138361,1132548.951828234,1132548.959430791
1132548.959437674,1132548.964186637,1132548.972095441
1132548.972102575,1132548.976805562,1132548.984857326
1132548.984863948,1132548.989381827,1132548.998321052
1132548.998327424,1132549.002863907,1132549.011763878
1132549.011770601,1132549.01635284,1132549.025394388
1132549.02540101,1132549.029904341,1132549.039131509
1132549.039138502,1132549.04485654,1132549.053950707
1132549.05395761,1132549.05852412,1132549.067983234
1132549.067990057,1132549.078301115,1132549.096200625
1132549.096210043,1132549.100922658,1132549.114834858
1132549.114842984,1132549.120293098,1132549.131394244
1132549.131402459,1132549.136212739,1132549.147204369
1132549.147212624,1132549.151594917,1132549.165687798
1132549.165695172,1132549.173299232,1132549.184450332
1132549.18445907,1132549.188830312,1132549.19670953
1132549.196716042,1132549.201425672,1132549.209132646
1132549.209139158,1132549.213426001,1132549.221082521
1132549.221089134,1132549.225385585,1132549.23288565
1132549.232891651,1132549.23718157,1132549.244853699
1132549.244860091,1132549.249626517,1132549.257546643
1132549.257553395,1132549.262295796,1132549.269906479
1132549.269912981,1132549.274649863,1132549.290544987
1132549.290552461,1132549.295124662,1132549.303052042
1132549.303058985,1132549.30737841,1132549.31513656
1132549.315143162,1132549.319845338,1132549.327510663
1132549.327517206,1132549.332138028,1132549.33992365
1132549.339930193,1132549.344691791,1132549.352501498
1132549.352507951,1132549.357274276,1132549.365061222
1132549.365068235,1132549.369357001,1132549.37711953
1132549.377125903,1132549.381793322,1132549.389449481
1132549.389456404,1132549.402406663,1132549.417800092
1132549.417808588,1132549.422616082,1132549.445683144
1132549.445691299,1132549.455251154,1132549.467809003
1132549.46781787,1132549.472673144,1132549.480683549
1132549.480691133,1132549.485113823,1132549.492971461
1132549.492978143,1132549.497339577,1132549.504960499
1132549.504967442,1132549.509306514,1132549.517032624
1132549.517039547,1132549.52134727,1132549.52914192
1132549.529148392,1132549.533746942,1132549.541358867
1132549.541365279,1132549.546099375,1132549.553773497
1132549.5537803,1132549.558140992,1132549.565938267
1132549.56594535,1132549.570269904,1132549.586494099
1132549.586501222,1132549.591264182,1132549.599174149
1132549.599180781,1132549.603473565,1132549.611107342
1132549.611113634,1132549.615617045,1132549.623214784
1132549.623221346,1132549.627919464,1132549.635482097
1132549.635488699,1132549.639771775,1132549.647418617
1132549.647424808,1132549.652136832,1132549.659656624
1132549.659663316,1132549.664404946,1132549.672184758
1132549.672191661,1132549.676748732,1132549.684567347
1132549.68457425,1132549.68908205,1132549.696674959
1132549.696681672,1132549.701217013,1132549.70894682
1132549.708953813,1132549.713275372,1132549.721072126
1132549.721078908,1132549.725373896,1132549.733099416
1132549.733106299,1132549.737430542,1132549.745154619
1132549.745161041,1132549.749489062,1132549.75735194
1132549.757358712,1132549.761633163,1132549.769307856
1132549.769314538,1132549.773600821,1132549.781354052
1132549.781360765,1132549.785715115,1132549.793499696
1132549.793506679,1132549.797797329,1132549.805438399
1132549.805445203,1132549.810261202,1132549.817953759
1132549.817960452,1132549.822288342,1132549.830194943
1132549.830202257,1132549.834941772,1132549.842716624
1132549.842723627,1132549.847472241,1132549.855318638
1132549.85532534,1132549.85962111,1132549.867524515
1132549.867531418,1132549.872261235,1132549.88018089
1132549.880187693,1132549.884870372,1132549.892618764
1132549.892625396,1132549.896924863,1132549.904694676
1132549.904701068,1132549.909405508,1132549.916957349
1132549.916963751,1132549.921281112,1132549.928964402
1132549.928970794,1132549.933690753,1132549.94139382
1132549.941400282,1132549.945678649,1132549.953307156
1132549.953314209,1132549.958148463,1132549.965847973
1132549.965854446,1132549.97058199,1132549.978336062
1132549.978342424,1132549.982646059,1132549.990361629
1132549.990368272,1132549.994646259,1132550.002396615
1132550.002403277,1132550.007115371,1132550.014862261
1132550.014869214,1132550.019557834,1132550.027200457
1132550.02720693,1132550.031516435,1132550.039286358
1132550.039293191,1132550.043983925,1132550.051717239
1132550.051723751,1132550.056030411,1132550.063677593
1132550.063684887,1132550.068036082,1132550.075722016
1132550.075728879,1132550.080431456,1132550.08823968
1132550.088246663,1132550.09253508,1132550.100215894
